n,structure,operation,position,avgTimeNs,movements
100,DynamicArray,insert,beginning,507860,100000
100,DynamicArray,remove,beginning,82560,0
100,LinkedList,insert,beginning,292400,0
100,LinkedList,remove,beginning,46420,0
100,DynamicArray,insert,middle,199140,50000
100,DynamicArray,remove,middle,25180,5000
100,LinkedList,insert,middle,194740,50000
100,LinkedList,remove,middle,24440,5000
1000,DynamicArray,insert,beginning,288660,1000000
1000,DynamicArray,remove,beginning,195840,0
1000,LinkedList,insert,beginning,624760,0
1000,LinkedList,remove,beginning,143640,0
1000,DynamicArray,insert,middle,238980,500000
1000,DynamicArray,remove,middle,190860,500000
1000,LinkedList,insert,middle,1133320,500000
1000,LinkedList,remove,middle,930620,500000
10000,DynamicArray,insert,beginning,1406280,10000000
10000,DynamicArray,remove,beginning,919600,0
10000,LinkedList,insert,beginning,20100,0
10000,LinkedList,remove,beginning,12640,0
10000,DynamicArray,insert,middle,808400,5000000
10000,DynamicArray,remove,middle,430840,5000000
10000,LinkedList,insert,middle,10998800,5000000
10000,LinkedList,remove,middle,11089300,5000000
100000,DynamicArray,insert,beginning,12350360,100000000
100000,DynamicArray,remove,beginning,9352340,0
100000,LinkedList,insert,beginning,11800,0
100000,LinkedList,remove,beginning,7960,0
100000,DynamicArray,insert,middle,6327100,50000000
100000,DynamicArray,remove,middle,4879820,50000000
100000,LinkedList,insert,middle,105439500,50000000
100000,LinkedList,remove,middle,105243640,50000000
